q_id,gold_quotes
0,text2 text9 image3 text10 text3
1,text4 image3 text1 text5 text9
2,image4 text2 text3 text7 text1
3,image2 text1 text2 text10 text7
4,image1 image4 image3 text1 text10
5,image2 image4 text2 text1 image3
6,text5 text9 text6 text8 text7
7,text5 text2 image3 image4 image5
8,image4 text1 text8 text7 image1
10,text3 image1 image5 text7 image4
11,text8 image5 image2 image4 text10
12,image3 image4 image2 text7 text6
13,image1 text5 image4 image2 text7
14,text5 image4 image3 text9 text2
15,image2 image5 image1 image3 image4
16,image3 image2 text2 image5 image1
17,text5 text9 text7 image2 text8
18,text8 text10 text2 text9 text4
19,text3 text10 text5 image1 text7
20,text3 image3 image5 text10 text2
21,image2 image3 image1 text3 image5
23,text4 text9 text5 image2 text1
24,text2 text10 text5 text6 text9
25,image4 text8 text9 image5 text3
26,text4 text3 text9 text1 image2
27,image4 image2 text7 text1 text3
28,image3 text6 image2 text2 image1
29,text9 text2 text3 text5 image3
30,text4 text2 text3 image5 text10
31,image4 image3 image2 image5 text7
32,text10 image5 image3 image4 text8
33,text6 image3 image4 text5 text9
34,text6 text4 text10 image2 text9
35,image3 image1 text9 text3 text2
36,image5 text1 image1 image4 text4
37,text10 image3 text1 image5 image4
38,text1 text9 text2 text6 text8
39,image2 text9 image5 image3 text10
40,image2 text2 image1 image4 text4
41,image3 text3 text1 image5 text9
42,image4 text8 text5 image2 text9
43,text3 text6 text2 text1 text4
44,image2 text2 image5 text1 text5
45,text3 text1 image1 text7 text4
46,image5 image3 text6 text3 text8
47,text3 text6 text5 text10 image3
49,text5 image5 text9 image4 text8
50,image4 text1 text2 text8 image5
51,image4 image1 image5 text2 image3
52,image5 image2 image4 image1 image3
53,image5 text7 image4 image1 text4
54,image2 image1 image3 image5 text3
55,text5 text9 text6 image5 text4
58,image4 image1 text2 image3 text4
59,text5 text10 text8 text7 text3
62,image3 text5 text6 text9 text7
64,text1 text8 text5 text10 text2
66,image3 text9 text4 text5 text7
69,text8 text7 text4 image2 image5
71,text5 text10 text6 text9 text1
72,text5 text3 image3 text1 image5
75,text5 image4 text8 image1 text7
78,text1 text2 text9 image1 image3
79,image1 image5 text3 image4 text4
80,image4 image3 text7 text10 text5
81,text7 text8 text6 text10 image4
84,image4 text1 text10 text6 text3
85,image5 text6 text5 image2 image3
88,image1 image5 text5 text8 image4
89,text9 image2 image3 text4 text7
90,text10 text7 image4 image1 text3
91,text8 image1 image4 text6 text2
93,text9 image5 text4 text5 text8
94,text4 image4 image2 text8 text5
96,text10 text6 text8 image1 text9
97,image4 image3 text8 text2 text4
102,image2 image5 image1 text7 text6
103,text8 image4 text6 image2 image5
104,image1 image2 image3 text3 text7
107,text2 text10 text1 image4 image1
108,text10 text2 text3 text8 text1
113,image1 image3 text7 image5 text5
117,text6 text7 image4 text3 text8
119,image1 text10 image2 image3 text4
120,text3 text1 image3 text4 text9
122,image4 image5 text2 text6 image2
124,text9 image2 text2 image1 text4
125,image3 text4 text5 image2 text7
126,image2 image1 text2 text5 text9
128,image2 text2 text7 text3 text10
130,text2 image1 text4 text3 text5
131,image1 text2 text6 text8 text10
133,text10 text7 text2 text4 text1
134,text9 text1 text10 image1 image4
135,text6 text10 text7 text2 image3
138,text10 text8 image2 text5 text3
139,image3 image5 text9 text5 image4
140,text4 image2 text9 text3 text6
142,image2 image5 text3 text6 text4
143,image2 text7 image5 image1 text1
144,text2 text1 image1 image3 text3
147,text6 image4 image3 text1 text10
148,image2 text4 image4 text6 text8
149,text7 text3 text10 text4 text8
150,image5 text4 text2 text5 text10
152,text7 text10 text8 text9 image4
153,image2 text9 text5 text7 text3
154,text10 text6 text9 image2 text1
155,image4 image2 text1 image3 text6
156,text6 text1 text2 text10 text7
157,text1 text7 image3 text4 text2
161,text9 image3 text1 image2 image4
163,text4 text2 text9 text6 image5
164,image4 text7 text6 text10 text4
165,image3 text6 text1 text2 image4
167,text4 text6 text9 image4 text2
168,text4 image2 text3 text1 text6
169,image2 text5 text2 text4 text7
170,text1 image1 text5 text8 text7
171,image2 text7 text4 text1 image5
173,image1 text5 text3 text10 image4
174,image2 text4 text2 image4 text1
178,image2 text3 text6 text2 text4
180,image3 image1 text4 text10 text6
182,image5 image3 text2 text1 image1
183,text7 image2 text1 image1 text9
185,text8 text3 text7 image4 image5
186,text3 image1 text1 image3 text9
188,image2 text6 text10 text7 image3
192,text2 text1 text3 image4 text9
193,text5 image1 text9 text3 text2
202,image1 text8 image3 image4 image2
203,image1 image3 image4 text3 text4
204,text7 text3 text5 image2 image3
205,text6 image2 image3 text5 image1
207,text6 text3 image4 text4 text7
209,text4 image2 text9 text2 text5
211,text4 text2 text3 text10 image4
212,text3 text10 text4 image3 text7
213,image2 text2 text4 text10 text9
215,text9 text6 image4 text1 image2
216,text9 image1 text6 text10 text5
218,image1 text4 text5 text7 text10
219,image2 image4 text7 text9 text8
220,text5 image3 text6 image1 text3
221,text10 text5 image2 text7 image3
226,text10 text5 text9 text2 text1
229,text10 text7 image5 text5 image4
230,text7 image3 text8 text6 image5
231,text4 text6 text9 text10 image3
232,image5 text5 text2 text1 text3
233,image4 text7 image5 text5 text4
235,text3 text9 image1 image3 text2
236,image5 text1 text10 image1 text5
237,image3 image4 text3 image5 text10
238,image3 image2 image1 text7 text9
239,image1 text4 image3 text5 image2
240,text7 image3 image2 image1 image4
241,image3 image2 text4 image4 image1
243,image2 image3 text1 image1 image4
244,image2 image4 image3 text6 image1
245,text1 image5 image3 image4 text8
246,image5 text1 image4 text7 text10
247,image2 text4 image5 text3 image4
248,image2 text6 image5 text4 text10
249,image3 text1 image5 image1 text4
250,image1 image5 image3 image4 image2
251,image4 image5 image2 image3 image1
252,image1 image5 image3 image4 image2
253,image4 text4 image1 text6 image5
254,image4 image2 image3 image5 text9
255,image1 image2 image3 text6 image5
256,image4 image1 image5 text10 text9
257,image1 image2 image5 text5 image3
258,image4 image5 text1 image1 text7
259,image3 text10 image4 image5 text6
260,image1 image4 image2 text1 image3
261,image4 image2 image5 image3 text5
262,image1 image3 image5 text3 text10
263,image2 image4 text6 image5 image1
264,image4 image5 text7 image1 text1
265,image4 image3 image2 image5 text4
266,image1 image4 image2 image3 text3
267,image4 image2 image1 image5 text4
268,image2 image5 image1 image4 text3
269,image2 image5 image1 image4 text10
270,image2 image4 image3 image5 text5
271,image5 image2 image4 text6 text3
272,image5 image2 image1 text6 image3
273,image2 image1 image5 text10 text5
274,image3 text6 image4 image2 text4
275,image3 text5 image2 text6 text7
276,image1 image3 image2 image4 image5
277,image1 image2 image3 text7 image5
278,image3 image4 image5 image2 text2
279,image4 image1 image5 image2 image3
280,image2 image1 image4 image5 image3
281,image2 image5 image4 image3 image1
282,image1 image2 image3 image5 text3
284,image1 image4 image2 text10 text9
285,image5 image3 text5 image1 image2
286,image3 image5 text7 image1 text3
287,image5 image1 image2 image4 text10
288,image5 image1 image3 image4 text7
289,image5 image2 image4 image3 text4
290,image4 text3 image1 image5 image3
291,image4 image2 image3 text3 image5
292,image2 image1 text9 image3 text4
293,image3 text2 text8 image1 text7
294,text1 text3 text10 image3 image4
295,text9 text10 text8 text7 image5
296,text1 text8 image2 image1 text9
297,text8 image4 image3 image5 text1
298,image5 image3 text3 text9 text8
299,image3 image5 image2 image4 text4
300,image5 image3 text7 text1 text2
301,image3 text4 image4 text10 text2
302,text1 image2 image4 image5 text4
303,text1 image1 text6 text10 image5
304,image5 image3 text7 image1 image2
305,text2 text9 image3 text6 text5
306,text10 text5 text7 text6 text9
307,text3 text6 text2 text9 text10
308,image2 text4 text1 text3 text6
309,text7 image3 image5 image1 image2
310,image1 text8 image3 text1 image4
311,image4 text3 text10 image1 text8
312,text5 image2 image3 text7 text4
314,image5 image4 text5 image3 image1
315,text5 image3 text9 text4 image4
316,image3 text6 image2 text2 text1
317,text10 image5 image1 text4 image3
318,image4 image1 image3 text1 text2
319,image4 image3 text2 text5 image2
320,image4 text7 image2 text10 text6
321,image1 image3 text2 text8 text4
322,image4 image3 image2 image5 text7
323,image4 text7 text10 text2 text9
324,image5 image4 image1 image2 image3
325,text5 text7 image5 text1 text10
326,image4 image5 image2 image1 text7
327,image3 image1 image5 text9 image2
328,image2 image4 image3 text4 image1
329,image4 image2 image3 image1 image5
330,image4 image5 text2 image1 image3
331,image2 image3 text8 image4 text5
333,image3 image1 image2 text6 text4
334,image5 text8 image1 image3 text6
335,image3 text1 text9 image1 image5
337,image5 text5 image4 text2 image1
338,image3 text7 text1 text8 text6
339,image4 text3 text2 text5 text9
341,image5 image3 image4 text4 text9
342,image5 text10 image2 text1 text4
343,image2 text8 image5 text5 text6
344,image3 image5 image2 image4 text10
345,text8 image3 text4 text1 text3
346,text10 text5 text8 text1 image2
347,text7 image2 text6 text3 image3
348,text3 image2 text4 text6 image5
349,text5 image3 text9 text2 text10
350,image4 image3 image5 image1 text3
351,image1 image3 image4 image5 text10
352,text10 image5 image4 text1 text3
353,image3 text10 text3 text2 text9
354,text1 image1 text4 text7 image2
355,image3 image1 text6 text2 text3
357,image5 text8 text1 text3 image3
358,image2 text9 text5 image4 text7
360,image2 image4 image1 text9 text1
361,image5 image3 text6 text8 image4
362,image2 text2 image4 text5 image5
363,image5 text10 image1 text4 text2
364,image4 image1 text9 text6 image3
365,image4 image2 text9 image5 text8
366,image3 image5 text8 text3 text1
367,image1 text10 text7 text2 text4
369,image5 image3 text7 text1 text9
375,image4 image1 text3 text1 text2
376,image4 image1 image3 text2 image5
377,image2 image5 image1 image4 text1
378,image1 image3 text2 image5 text9
379,image5 image4 image2 text6 text10
380,text8 text6 image5 image4 image1
383,image5 text7 text6 text1 text10
386,image5 text7 image2 image1 image3
387,text7 image5 text5 image1 text9
388,image2 text2 text7 text1 text4
390,text4 image1 image3 image5 image2
391,image1 image4 text9 image2 text4
392,image2 image3 image4 text6 text5
393,image5 text3 image4 image3 text4
395,image3 image5 text7 image2 text2
396,image4 image2 image3 image1 image5
397,image1 image2 image4 text8 text4
398,image4 image5 image1 text3 image3
400,image4 image5 text10 text8 text6
401,image4 image1 text4 text2 text3
402,image3 image1 image4 text6 image2
403,image4 image5 text3 image3 text4
404,image5 image2 text7 text8 text6
405,image5 image2 image1 text8 text4
406,image1 image5 text3 text4 image4
407,text8 text1 text2 image1 text3
408,image5 image3 image4 text6 text4
410,image2 image1 text1 text10 text2
411,image4 image5 image3 text8 image1
412,image2 image1 image3 text10 text4
413,image1 image2 image3 text6 text10
415,text8 image3 text10 text6 text1
416,image4 image1 image3 text3 text9
417,image3 image5 image4 text6 text4
418,text9 image4 text7 image5 text4
421,image1 image5 image4 text7 image2
423,text7 text3 image2 image4 text6
424,image5 text5 text6 text1 text10
426,image1 text9 text2 image2 image4
427,image4 image2 text6 text10 text7
428,image5 text6 text9 text5 image3
429,text6 image4 image1 image5 text1
432,text2 text7 image3 image4 image1
433,image4 image5 image2 text5 text2
434,image5 image4 text3 image3 text5
436,image3 text7 text5 image2 text3
437,image5 text1 text3 text2 image2
440,image2 text5 text4 image3 text8
442,image4 image2 image1 image3 image5
444,image1 text8 image3 image2 text7
446,image2 image4 text7 text10 text9
450,image1 image5 image4 image2 text5
451,text1 image1 image3 image4 text4
453,image5 image3 image1 image4 text8
454,text6 text3 text5 text2 text1
455,image5 image2 text1 text6 image4
456,image5 image1 text9 text5 image3
458,image1 image3 image2 text3 text2
459,image5 text10 text8 image3 image1
460,image1 text7 image2 image4 text4
461,image2 text7 text5 text1 text10
462,image3 image1 image2 image5 text8
464,image4 text6 image3 image1 text9
465,image5 image2 image3 image1 image4
466,image5 image1 image4 text5 text1
467,image4 image1 text4 image2 text5
468,image3 text5 text4 text9 text2
469,text7 text5 image3 text4 text9
470,image4 image1 text1 text9 image5
471,text10 image1 image2 text5 image5
472,text6 image2 text4 text10 text2
473,text8 text5 text9 text10 image3
474,image5 text4 text3 text6 text1
475,image4 image3 image1 image5 text10
476,image4 text3 text2 image1 text9
477,image3 image5 image1 text8 text4
478,text1 text8 text10 image2 text9
479,text2 image2 image1 text9 text4
480,image3 image2 image1 text1 text10
481,image3 text2 image5 image1 image4
482,text9 image5 text4 image3 image2
483,image1 image2 image4 image5 text4
484,image1 image5 image3 image2 text6
485,image3 image5 text8 text9 image2
486,text1 text6 text10 image3 image5
487,image2 image1 image4 text3 image5
488,image1 image2 image3 text2 text4
490,image3 image5 image2 image1 image4
491,image5 image3 image4 text6 text3
492,text1 image4 image2 text6 text2
493,image3 text4 text10 text2 image4
494,image4 text5 image2 text10 text8
495,image1 text9 text8 image2 image5
496,image3 image2 text7 text1 text10
497,text10 image3 text4 text2 text3
498,image3 image5 text2 image1 text7
499,text7 text1 image1 image3 image4
501,image1 image4 image2 image3 image5
502,image4 text1 text10 image1 text8
503,image2 image3 image5 image4 text4
504,image3 image1 image5 image4 image2
505,image5 text1 image4 image2 text8
506,image2 image4 image3 text9 image1
507,image2 image3 text10 text6 text7
508,text2 text7 text8 text10 text6
511,image1 image5 image2 text1 image3
512,text5 text7 text3 text6 text4
513,image4 image1 image3 text8 image2
514,image5 image2 text3 text5 text7
515,image2 image1 image3 image5 text6
516,text2 image3 image1 text8 text5
517,image2 text2 text7 image5 image3
518,image4 text7 text1 text8 text5
519,image4 text6 text7 text8 text9
521,image2 text9 image4 text6 image3
522,text3 image5 image1 text4 image4
523,image5 text3 image3 text1 text4
524,image5 text3 image4 text1 text8
526,text10 text1 image4 text7 text5
527,text8 image1 text6 image5 image2
529,image5 image1 image2 text5 text3
531,image4 text8 image3 image1 text1
532,image4 text10 image1 text7 text4
533,image2 image4 image3 image1 text6
534,image4 text9 text7 image3 text8
535,image3 text5 image5 text1 text4
536,image3 image4 text4 text7 text1
537,image4 image3 image5 text6 text7
539,image3 image1 text9 image5 image4
540,image5 image1 image4 image3 text7
541,image5 text5 text8 text2 text4
543,image2 image5 image1 text4 image3
545,image5 text5 image2 image1 text10
546,text10 text2 image2 text5 text7
548,text4 text10 text6 image5 image3
551,text5 image1 text1 text8 image4
552,image1 image3 text1 text6 text10
553,image5 text9 image1 text1 text2
554,image2 image5 image3 text4 image1
555,image2 image5 text2 image1 text6
558,image5 text6 image3 text4 text10
559,image1 image4 image3 text10 image5
561,text3 text4 text7 text8 text10
562,text9 image2 image1 text8 image4
563,image4 image2 image5 text3 image1
564,image1 text6 image4 text5 image5
565,text7 text5 image5 text6 image1
566,image3 text7 image2 image5 text2
567,image1 text7 text5 text4 text1
568,image1 image2 image5 text9 text4
570,image1 text3 image2 text4 text10
572,image5 text10 text1 text6 text5
573,text8 image2 text1 text10 image3
574,image4 text10 image2 text2 text6
575,text3 text4 text6 text8 image5
576,image4 image3 text9 text5 image2
577,image2 image4 text10 image5 text7
578,image5 image4 image3 text6 image2
579,image4 text1 text2 text7 image1
580,image5 text10 text7 text5 text1
581,image2 text3 text9 image5 text1
582,image4 image3 image1 image5 text10
583,text8 image1 text4 image5 image3
585,image5 image2 text4 image1 text3
586,text9 image5 image3 image4 text6
587,image5 image1 image2 text10 image4
588,text6 text4 image1 text3 text2
589,image3 image5 text10 image1 text3
590,image3 text1 image4 image1 image5
592,image2 image5 image4 text3 text4
593,text2 image4 text1 text9 text10
594,image4 text7 image3 text9 image5
595,image1 image4 text9 text1 image3
596,image4 image5 text1 text2 text7
597,image1 image3 image2 image5 text7
598,image5 text10 text5 text8 image4
599,image3 image5 text3 text2 text1
600,text7 text2 text1 text4 image5
601,image1 text3 text5 image4 text4
602,image4 image1 text5 image3 text9
603,image4 image1 text1 text8 text9
604,image2 text3 text10 text5 text4
607,image4 image5 image3 text3 text1
608,image1 image2 image4 text10 text7
609,image3 text8 image5 text2 text7
610,text9 image3 text2 text5 image1
611,text7 text3 text9 image3 text6
612,image1 image2 image3 text7 image5
614,text3 text1 image3 image4 image2
615,image4 image5 image2 image1 image3
616,text2 text4 text3 text7 text5
617,image5 image4 text3 text1 text4
618,image4 image2 text9 image1 text10
619,image3 text4 text1 text3 image5
620,image4 image1 image5 text7 image3
621,image2 image4 image5 image1 image3
622,image2 text1 text9 image3 text6
623,image2 image1 image5 image4 text3
624,text7 image1 text9 text4 text5
625,image2 text3 text4 image3 image4
626,image1 image5 image3 text2 image2
627,image2 text7 image3 text9 text2
628,image2 image1 image3 text9 text3
629,text1 image3 image4 image1 text7
631,image1 image5 image2 image4 image3
632,image2 image3 text7 text4 text9
633,image3 text10 text8 image2 text6
634,image2 image3 image1 image4 text1
635,text3 image4 image1 text9 text6
639,image4 image3 image5 image1 text1
640,image2 text8 text6 text3 image5
642,text3 text4 image5 text10 text7
644,text5 image5 image1 image3 image4
645,image4 image3 image5 image2 image1
646,image2 image4 image5 image1 text2
647,image4 image3 text7 text1 text4
648,image4 image3 text3 image1 text2
649,image3 image4 text2 text1 text7
650,image3 image1 text3 image2 text1
651,image2 text8 image4 image3 image5
652,image1 image3 text3 text1 text4
654,text3 text10 image3 text4 text5
655,text2 text9 text8 text3 text10
656,text2 text5 image2 image1 text7
657,image1 image2 image5 text10 image3
658,image1 image2 text5 image5 text4
659,image3 image4 image1 text1 text5
660,image4 image3 image5 image1 image2
661,image2 text1 text2 text5 text10
662,text7 text2 text9 text1 image1
663,image5 image2 text8 text7 text5
664,image3 image1 image4 text2 text8
665,text4 text2 text8 text10 text6
666,image1 text2 text5 text1 image3
667,image4 image5 image1 text5 image2
668,image3 text9 image2 text1 text3
669,image5 text7 text4 text3 image4
670,image1 image3 text1 text9 text10
671,image5 text9 text3 text2 text5
672,image2 text4 text8 text5 image1
673,image2 text1 text2 text8 image3
674,image1 text5 image3 text6 text4
675,image2 text9 text4 text10 text2
676,image4 text6 image2 text4 text7
677,image3 image5 text1 image4 text3
678,text4 image2 text8 image4 text5
679,image4 image5 image2 image3 image1
680,image3 image1 text8 text4 image4
681,image3 image5 text10 text6 text3
682,text8 text2 image3 text4 text10
683,image5 image3 text1 image4 image1
685,image3 image2 image1 image4 text5
686,image4 text9 image2 text3 text1
688,image3 text2 image1 image2 image4
689,image2 text5 image1 text9 text3
690,image3 image2 image4 image5 image1
691,image4 image1 text8 text5 image2
692,image5 image2 text8 text2 text3
693,image4 image5 text9 text10 image1
694,image4 image3 image1 image2 image5
695,image5 text4 text7 image2 text3
696,image3 text4 text5 text1 text2
697,image5 image3 text6 image4 image2
698,image1 image3 image4 image2 image5
699,image1 text8 image2 text9 text7
700,image1 image5 text6 image3 text9
701,image5 text4 text2 text1 image3
702,image3 image4 image5 text6 text5
703,image3 text7 text1 image4 text3
704,image1 text8 image3 text3 text9
705,image3 text10 text7 text9 image2
706,image5 text4 image4 text5 text8
707,image3 text9 image5 text10 text8
708,image5 image4 image2 image3 text1
709,text3 text6 text10 text1 image4
710,image1 text8 image3 text7 image2
712,image5 image2 text4 text8 text10
716,text5 image1 text7 image4 text1
717,image1 text5 image2 text3 text10
718,text6 image1 text9 text2 text3
719,image5 image4 image3 image2 text9
720,image3 image1 image2 image4 text9
721,image4 text4 text7 text1 text10
722,image4 text1 text8 text4 text3
723,image5 text6 text2 image3 image1
724,image4 text3 text7 text9 text10
725,image1 text5 text1 image4 text8
726,image4 text9 image1 text4 text3
727,text5 image3 text6 image4 text4
728,image3 text7 text3 image1 image4
729,image3 text8 text2 text3 text10
730,text9 image1 text5 text2 text8
731,image4 image5 image1 text8 text1
732,image2 text5 text3 text10 text9
733,image2 image4 text3 text9 text5
734,image5 image4 text4 text1 text8
735,text10 text3 text8 text7 image4
736,image4 text5 image5 image3 text8
737,image1 text3 text7 text10 text6
738,image1 text9 text7 text8 text10
739,image3 image4 image2 image1 text3
740,image1 image3 image4 text3 text7
741,image1 text3 image3 text8 image5
742,image1 image4 image3 text7 text5
743,image2 image3 text5 image4 text8
744,image1 image3 text3 text9 image2
745,text4 image1 text5 image3 text2
746,image2 text6 text2 text1 image3
747,image3 text1 text6 text5 image4
748,text4 image2 image3 text3 text9
750,image3 image1 text4 text5 text2
751,text3 text1 image3 text8 text7
752,text8 image3 image4 text3 text6
753,image3 text1 text3 image1 text2
754,image4 text10 text2 image5 text8
755,text7 text4 text6 image5 image3
756,text9 image5 image3 text5 text8
757,image1 image3 image2 text6 image5
758,image1 text8 text6 image4 text10
760,image3 text5 text4 text10 image1
761,text4 image3 image1 image5 text2
762,text3 image5 image1 text8 image2
763,image4 text3 text4 image1 text2
764,image4 image5 image3 image1 image2
765,image2 image4 image5 image1 text10
766,image1 text7 text1 image5 text9
767,image1 text4 text7 image4 text6
768,image2 text5 text2 text3 text10
769,image2 image1 text9 image5 text4
770,text7 text9 text3 text8 image4
771,text1 image2 text9 image1 image4
772,image4 text6 text2 text3 text8
773,image2 image5 image1 image4 image3
774,text5 text10 text2 text4 text7
775,image5 text4 text10 text9 text7
776,image3 text7 text10 text4 text8
777,text8 image2 image4 text6 text7
778,image1 text3 image3 image4 image5
779,image5 text9 text5 text6 text7
780,image1 image4 image5 text8 text2
781,text7 image1 image2 image4 text4
782,image1 image2 text2 text8 text4
783,image1 text1 text9 text7 text2
784,image3 image5 image1 text9 text1
785,image5 text5 text9 image3 text8
786,image3 text1 image5 text2 text3
787,text3 image4 image2 image5 image3
788,text1 text3 text9 text10 image4
789,image4 image1 text6 image3 text7
790,image2 text9 text10 text3 image1
791,image5 text10 image1 text6 text3
792,image1 image5 text5 text6 text2
793,text3 image1 image3 text1 image2
794,text9 image1 image2 text4 image4
795,image1 image5 text5 image2 image3
796,image3 image4 image5 text6 text3
797,image3 image2 image5 image1 image4
798,image1 image3 image2 text4 text6
799,text2 text1 text10 text7 text5
800,image3 image1 text5 text2 text10
801,image3 image4 text4 text7 text1
802,image1 image4 text10 text8 image2
803,text10 text4 text1 text2 image3
804,image1 image5 image3 text8 text2
805,image4 image3 image1 image2 text3
806,image5 image2 text4 text8 image1
807,image1 image2 text4 text9 text5
808,image4 text5 image2 image1 image3
810,image2 text8 text2 text7 image4
811,image1 text9 text1 image2 text8
812,text9 text5 text4 text8 text10
813,text8 text9 text6 image5 image1
814,image1 image3 text7 image4 image2
815,image1 text10 text6 image3 text7
816,image2 image4 text3 text1 text8
817,image1 text4 text7 text10 text6
818,text6 image3 text7 text1 text8
819,image3 image4 text4 text3 image2
820,image1 image2 image3 image5 text3
822,image5 image2 image1 image4 text9
823,text3 image1 text8 text9 text4
824,image4 image1 image2 image3 text1
825,text8 image5 image3 text6 image1
826,image2 image5 text3 text2 text8
827,image2 image5 image3 text6 text4
828,text1 text10 text8 image2 image1
829,image2 text2 text9 text10 image4
830,image3 text6 text2 text9 text1
831,image3 text4 text8 image4 text2
832,image1 text8 text5 text7 text10
834,image5 text1 text10 text9 image2
835,image1 image3 text9 text2 text3
836,image1 text7 image4 text9 text1
837,text3 text1 text9 image4 image5
838,text9 text7 text8 text1 text10
839,image3 image5 image2 text4 image1
840,image1 image3 image2 text3 image4
841,text8 image1 text9 text6 image3
842,image2 text6 text4 text3 image3
843,image1 text3 text7 text1 image3
844,text8 image1 text7 text6 image5
845,image1 text10 text7 text2 image3
846,text2 image5 text10 text4 text6
847,image3 text1 text4 text8 text2
848,image4 image3 text4 image2 image5
850,image5 text6 text8 text1 text10
851,image5 text6 text4 text8 text3
852,image3 text10 image1 image5 text8
853,image2 image4 text9 text5 text3
854,image2 image3 image1 text2 text3
855,image5 image2 text4 text3 text10
856,image2 image4 image3 text3 image5
857,image3 text9 text4 text10 text5
858,text1 text2 text5 text6 text4
859,image5 image2 image4 image1 image3
860,text4 image3 image4 text2 text10
861,image5 text1 image1 text6 image3
862,image2 image3 text2 text5 image4
863,image5 text6 text9 text1 text10
864,image4 image1 text7 text5 image2
865,image4 text6 text8 text9 text1
866,image4 text4 text3 text8 text5
867,image3 image5 image1 text7 text1
868,text4 text7 text10 image4 text8
869,text8 image5 text9 image2 text5
870,text7 text10 image2 text3 text9
871,image4 text1 text2 text10 text6
872,text9 text8 text1 image3 text3
873,text8 image2 text3 text2 text10
874,image1 image3 text9 image2 image4
875,image5 image2 image4 text1 text2
876,image1 image4 image5 text5 text9
877,image4 image5 text10 text9 text2
878,image1 text6 image3 text9 image5
879,image5 image1 text1 text4 text9
880,image1 image4 image5 text10 image2
881,image3 image4 image1 image5 image2
882,image3 image2 text8 text3 text9
883,image5 image3 text6 text5 image2
884,text5 image5 text3 text2 text1
885,text4 text7 image5 text6 text1
886,text2 text3 text8 text9 image5
887,image4 text6 text3 text7 text8
888,text9 image2 text4 text10 text7
889,image2 image1 text2 text3 text5
890,image4 image5 text2 text6 image1
891,image2 text1 text8 image5 image1
892,text2 text5 text1 image3 text4
893,image4 image2 text10 image3 text1
894,text6 image4 image3 image2 text7
895,image4 image3 image5 text3 text2
896,text6 text3 image4 text1 text5
897,image5 image4 text3 image1 text1
898,image4 text3 text6 text8 text5
899,text3 text6 image3 image4 text10
900,image1 text6 text10 text8 text4
901,image4 text10 text9 text5 text6
902,image5 text5 text9 text4 image1
903,image4 image1 text8 text6 text1
904,image2 text8 text1 text10 image5
905,image1 text6 image4 image5 text9
906,image1 text10 text4 image2 image4
907,text6 image4 text10 text3 image3
908,image5 image4 image2 image3 image1
909,image3 image4 text6 text9 image2
911,image1 image5 text5 text4 image3
912,text3 text2 image4 image2 text10
913,image2 text1 image5 text9 image4
914,image3 image4 text5 image1 text6
915,image1 text7 text8 text5 image5
916,image2 image4 text6 text1 image5
917,image5 text10 text9 text1 text3
918,image3 text9 image4 text8 image1
919,image4 text7 text2 text8 text1
920,image4 text3 text7 text8 text9
921,image4 text7 text4 image3 image5
922,text6 text10 image2 text7 image3
923,text7 text6 text4 text3 image2
924,image4 text10 text6 text7 text3
925,image1 image3 text1 text8 text6
926,image1 text8 image2 text2 image4
927,image4 text5 text6 text7 image3
928,image5 image3 text6 image4 text3
929,image2 text6 text2 image3 text10
930,image3 image2 image5 text9 image1
931,image1 image3 image5 text2 text5
932,image5 text2 text8 text7 image2
933,image2 text2 text4 image3 text10
934,text4 text5 text6 image4 text1
935,image1 image4 text9 image2 text2
936,image1 image5 image2 text7 text4
937,image5 text8 text2 image4 text6
938,image2 text6 text5 image4 text4
939,image1 text3 text8 text7 image3
940,image1 text2 image5 text1 image3
941,image4 text4 text3 text6 text9
943,image2 image4 image5 text8 text5
944,image5 image1 image3 image2 image4
945,image2 text9 text2 text7 image1
946,image5 text2 text3 text8 text10
947,image1 text8 image4 text1 image5
948,image2 text8 text6 text5 text3
949,image3 image2 text10 image5 text3
950,text6 text9 text10 image3 text7
951,image1 text10 image3 text9 text6
952,image5 image4 image1 image3 image2
953,text3 image3 text5 image4 image1
954,image1 text2 text6 text10 image2
955,image5 text7 text6 image2 text9
956,image4 text2 text10 text5 text7
957,image2 text7 text3 text5 text9
958,image3 image5 image4 text5 text8
959,image1 text2 text6 text4 text1
960,image5 text3 text1 text2 text9
961,image3 text8 text3 text10 text1
962,image3 text9 text5 text7 text3
963,image3 text3 text5 text6 text1
964,image5 text9 text5 text2 text1
965,text8 image3 text2 text5 text10
966,image1 image2 image5 text9 text6
967,image3 text1 image2 text6 text10
968,image4 image1 text6 text7 text3
969,image1 text9 image3 text1 text5
970,image5 image1 image4 image2 text5
971,image3 image2 image4 image1 image5
973,text1 image1 text4 text10 image4
974,image3 text9 text1 text7 image5
975,image1 image5 text3 text9 text8
976,text3 text7 image5 text4 text8
977,text8 text9 text6 text5 text3
978,text4 text7 text9 text1 text5
979,image1 image3 image5 image2 text2
980,text5 text9 text10 text3 text8
981,image3 text3 image5 text2 image1
982,text5 text8 text1 text9 text6
983,image2 text3 image1 image3 image4
984,image3 image4 text4 text3 image5
985,image4 image3 image2 image1 image5
986,text8 text3 image2 text6 text5
987,image4 image1 text4 text1 text10
988,image5 image2 image1 image4 text3
989,text8 image4 image5 text7 text5
990,text3 image1 image3 image5 text4
991,text9 text8 text4 text6 text1
992,image1 text10 image5 image2 text3
993,text9 text3 text5 text8 image5
994,image5 text4 image3 image2 image1
995,image3 text8 image1 image5 image2
996,text3 text8 text9 image4 image3
997,image3 text7 text6 text9 image1
998,image5 text9 text5 text1 text8
999,text5 image3 text9 image2 text2
1000,image2 text2 text1 text9 image5
1001,text3 text5 text1 text8 text10
1002,text6 text10 text7 image3 text1
1003,image1 image5 text6 text4 image3
1004,text1 text7 image3 image5 text2
1005,image3 image2 text6 image4 text5
1006,text3 text1 text8 text10 image3
1007,text7 image2 text6 text9 text5
1008,text4 text10 text7 text6 text1
1009,text4 image1 text8 text5 text9
1010,text4 image1 image4 text5 text7
1011,image3 image5 image4 text5 text2
1012,text9 image4 text5 image2 text1
1013,image3 image4 image2 text9 text3
1014,image3 text1 text8 text3 text5
1015,text8 text7 text5 text3 text10
1016,image1 image2 text7 text10 text3
1017,image5 image1 image3 image2 text10
1018,image2 text7 text6 text9 text5
1019,text9 image5 text5 text8 text3
1020,image5 image1 text7 image3 text9
1021,image2 image4 text4 image5 text7
1022,image2 image3 text2 text9 image5
1023,text1 text2 image1 text6 text4
1024,text6 image2 text9 text7 image3
1025,text2 text5 text1 text3 image1
1026,image3 image4 image2 text1 text10
1027,text10 text4 image2 image5 text9
1028,image5 text9 text1 image3 text4
1029,image2 image4 text7 text5 image1
1031,text5 image1 text8 text7 text2
1032,image2 text4 image1 image5 text10
1033,image2 text2 text3 text7 text8
1034,image4 text5 text8 image1 image3
1035,text5 image1 image3 image2 image4
1036,image5 text8 text3 text1 text10
1037,text7 image5 image4 text6 image2
1038,image5 text2 image1 text4 text6
1039,image4 text2 text6 text5 text7
1040,image2 text6 text8 image1 image5
1041,image1 image5 image3 image4 image2
1042,image2 text6 image4 text3 text9
1043,image3 text10 text7 text5 text4
1044,image4 text10 text5 text7 text4
1045,image2 text8 text7 image1 image4
1046,image5 image3 image4 text3 text2
1047,image1 image4 text8 image2 image3
1048,text5 text10 image2 image4 text1
1049,image3 image4 text10 image2 text3
1050,image2 image5 image1 image4 image3
1051,text1 image4 text8 text7 image3
1052,text6 text9 image5 text7 text3
1053,text3 text2 text1 text7 text4
1054,text3 image3 text4 text2 text5
1055,text5 text4 text6 image3 image4
1056,image4 text2 text9 text3 text8
1057,image2 text8 text3 text4 text5
1058,image1 image3 text5 image5 text8
1059,text4 text5 image1 text8 image2
1060,text3 image3 text5 text2 image5
1062,image1 text7 text5 text6 text3
1063,text5 text6 text7 text2 text10
1064,text4 text10 text9 text6 image1
1065,text6 text7 text2 text1 text5
1066,text1 text3 text7 text5 text10
1067,image2 image5 image4 text1 image3
1068,text4 text5 text6 text3 text10
1069,image1 text1 text9 image5 text7
1070,text6 text7 text9 text3 text2
1071,text5 text2 text4 text9 image3
1072,text10 text3 text8 image5 text2
1073,image2 image5 text2 text9 image4
1074,text5 text7 image5 text6 image2
1075,image1 image5 text7 text10 text8
1076,image5 image2 text10 text7 text5
1077,text2 text10 image5 text7 text4
1078,image4 text9 image3 text4 text5
1079,text8 text9 text1 image1 text5
1080,image2 text10 image1 text6 text5
1081,text5 image2 text2 text6 text9
1082,image1 text6 text2 image4 image2
1083,text7 text10 text8 image1 text1
1084,image3 text1 text5 text4 text6
1085,image2 text5 image1 text9 text8
1086,image1 text9 text3 text8 text5
1087,image4 text1 text2 image3 image5
1088,text10 text5 image4 image1 text2
1089,image5 text9 image2 image1 image4
1091,image2 text7 image4 text5 text4
1092,image3 text9 text6 text7 text8
1093,text7 text6 text2 image2 text4
1094,image5 text3 text1 text2 text7
1095,text9 image4 text2 text1 text3
1096,text10 text4 image2 image1 image4
1097,text4 text2 text10 image4 text3
1098,text8 text9 text7 text4 text3
1099,image3 text9 image5 text2 image4
1100,image3 image1 text6 text10 text4
1101,image5 text4 text3 text8 image2
1102,text2 text5 text6 text9 text1
1103,text9 image1 text1 text7 text5
1104,text6 text7 text8 text9 text5
1105,image5 text4 text10 text5 text3
1106,image5 image4 text7 text6 text5
1107,text2 text3 text1 text4 image3
1108,image5 text9 image1 text7 image4
1109,text6 image1 image2 text9 text10
1110,text1 text6 text8 text3 text2
1111,image3 text1 image4 text2 image1
1112,text6 text1 text7 text9 image4
1113,image5 text2 image2 image1 image3
1114,image5 text5 text1 text2 text4
1115,text6 text2 text10 text3 text8
1116,image5 text6 text2 text10 text9
1117,image1 text5 text2 text7 image2
1118,text7 text5 text9 image4 text8
1119,image1 text7 image3 text4 image2
1120,image1 text10 text8 text1 text2
1121,image4 text6 text2 text8 text1
1122,image5 image3 image1 text10 text8
1123,text7 text1 text3 text8 text10
1124,text1 image5 image4 text2 text5
1125,image2 image1 text3 text6 image5
1126,image5 image4 text10 text7 text6
1127,text4 text3 image4 image5 text9
1128,image3 image5 text2 text3 text9
1129,image2 image1 text10 text5 text1
1130,text7 text10 text1 text6 image3
1131,text3 text9 text6 text4 text5
1132,text10 text1 image4 text4 image2
1133,image4 text3 image5 text9 text5
1134,text8 text9 text1 text10 text4
1135,text2 text3 text8 text5 text7
1136,image3 image5 image2 image4 text10
1137,text3 text1 text7 text8 image3
1138,text6 image1 image5 image3 text1
1139,text6 text4 image3 text2 text5
1140,image5 image1 text6 text5 text2
1141,image1 image5 text9 text7 text6
1142,text7 text9 text4 text10 image3
1143,image4 image1 text6 image3 text8
1144,image5 text1 text8 image4 text10
1145,image4 text10 text2 text7 image1
1146,text9 image3 image2 text10 text3
1147,image4 text1 text4 text3 image5
1148,image3 text8 image2 image1 image4
1149,image3 text2 image5 text10 image4
1150,image4 text10 text8 image5 image3
1151,text4 text1 text8 image2 text10
1152,text7 text9 text10 text5 text3
1153,image4 image1 image5 image2 text4
1154,text3 text2 text8 text4 image2
1155,text8 image2 text10 text3 text5
1156,text9 text10 text6 image3 text5
1157,text9 image5 image2 text1 text6
1158,image2 image1 image3 image5 image4
1159,text6 text5 text8 text7 text9
1160,image3 image2 image4 text7 image5
1161,image2 image5 image3 text1 text7
1162,text8 image2 text7 image4 text9
1163,text8 image4 text6 text3 text1
1164,image5 image1 text10 text9 text1
1165,image5 image3 text9 text10 image1
1166,text1 text3 image1 text10 text8
1167,image5 text2 text8 text10 text5
1168,image2 text9 image5 text1 text7
1169,image3 text2 text6 text10 text5
1170,image2 text1 text8 text10 image1
1171,image3 text9 text3 text1 image2
1172,image4 text4 image5 text7 text6
1173,text10 image4 image3 text5 text8
1174,image2 text9 image4 text4 text1
1175,image1 image2 image3 text6 text10
1176,image1 image5 text8 image3 image2
1177,image1 image3 image2 image5 text3
1178,text6 text8 image1 text4 text1
1179,image2 text10 text1 text4 text5
1180,text3 text6 image1 image3 text10
1181,text7 image3 text8 text1 text3
1182,text9 text4 text10 text7 image4
1183,image5 image4 image3 image2 text7
1184,image1 image2 image4 image5 text8
1185,text10 text2 text8 text7 text5
1186,image2 text4 text2 text7 text8
1187,image5 image3 image1 image2 text7
1188,image4 image3 text1 image5 image1
1189,text2 image2 text3 text9 image1
1190,text5 image4 text2 text1 text6
1191,text9 text3 image5 text1 text6
1192,text8 text5 text7 text2 image2
1193,text2 text4 text1 text7 text3
1194,image1 image4 text8 image5 text10
1195,text8 text6 image3 image5 text2
1197,image3 text10 image5 text3 text4
1198,image3 text1 text10 text4 text6
1199,image1 text8 image4 text10 text2
1200,image2 image1 image3 text8 text7
1201,text6 text2 text3 text10 image2
1202,image2 text9 text5 image5 image3
1203,image2 text1 image3 text4 text2
1206,image4 text7 text9 image1 image2
1207,image1 text1 image5 text4 text6
1208,image3 text8 text3 image2 text4
1209,image5 text4 text9 text5 text3
1210,image5 text1 text5 image1 text9
1211,image1 image2 image3 text10 image4
1212,image4 image2 text9 text1 image5
1213,image1 text8 text4 image4 image5
1214,image1 image3 image2 text10 image4
1215,image1 image2 text6 text1 text7
1216,image2 text3 image3 text10 text5
1217,text5 image2 text2 image5 text8
1218,text9 text6 image4 image2 text7
1219,image2 image3 text9 image1 image4
1220,image5 text5 text3 text6 text8
1221,text9 image2 image5 image1 text2
1222,image5 image3 text8 image4 image2
1223,image4 text7 text10 image1 image2
1224,text5 text9 image5 text6 image3
1225,image3 text3 image2 text1 text8
1226,image3 text6 text8 text5 text1
1227,text2 text5 text10 image4 text9
1229,image1 text8 image5 image2 image3
1230,text6 image3 text10 text1 text9
1231,image3 text6 text1 image2 text4
1232,image3 text6 text2 text4 text7
1233,image4 text7 image5 text9 image1
1234,image2 text9 text6 image1 text8
1235,text9 text5 image4 image3 text4
1236,image3 text1 text2 image1 text8
1238,text5 text1 text4 image4 text7
1239,text10 text9 text3 image3 image1
1240,image3 text9 text2 image1 text7
1241,image5 image1 image2 text8 text1
1242,text1 text6 text5 text2 text3
1243,image1 text5 text1 image4 image5
1244,text9 text6 image2 text2 image3
1245,image2 image1 image3 text9 text1
1246,image1 image3 image2 text3 text4
1247,text1 image4 text3 text8 image1
1248,text7 text4 text9 image2 text2
1249,image3 image4 text4 text5 image1
1250,image5 image2 text3 text4 image1
1251,text5 image2 text7 image3 text10
1252,text1 image1 text10 image3 text3
1253,image5 text8 image4 text4 text5
1254,text9 image4 image1 image2 text3
1255,text10 image5 image4 image3 text7
1256,text1 image2 text4 image4 text3
1257,image5 text2 text9 text1 text6
1258,image4 text5 text6 text7 text10
1259,image4 text4 text8 image5 text10
1260,text2 text8 text7 image2 text6
1261,text2 text10 image3 text6 image5
1262,text3 text5 text7 text9 image2
1263,image1 image5 image4 text1 text5
1264,text5 text9 text10 text4 text7
1265,image4 image2 text1 text5 text7
1266,image2 image3 image1 image4 text1
1267,image1 text3 image4 text10 text5
1268,text10 image4 text2 text8 image3
1269,image4 text6 image1 text3 text9
1270,image2 text5 image1 text2 text3
1271,image4 image1 text8 text1 image3
1272,text1 text4 image5 text2 text8
1273,image5 text4 image2 text1 text9
1274,text4 text3 text1 text10 text9
1275,text1 image5 text2 image4 text5
1276,image3 text4 text8 text10 image2
1277,image1 text6 text7 text10 text8
1278,image2 text6 image5 text9 text2
1279,text9 image4 text6 text8 text5
1280,image3 image2 image1 image5 text10
1281,image1 text4 text8 text6 image5
1282,text3 text10 image1 image4 text1
1283,image1 image2 text5 image3 text8
1284,image3 image2 text2 image5 text8
1285,text2 text8 image1 image5 text10
1286,image5 text3 text5 text7 text2
1287,image2 image3 text7 text6 text2
1288,image3 text9 text7 image1 image5
1289,text1 text2 text7 text8 text4
1290,image2 image1 text2 text8 text3
1291,text2 text10 image3 text3 text1
1292,text6 text8 image2 text1 text3
1293,image2 text3 text7 text1 text6
1294,image3 text7 text6 image4 text3
1295,image1 text5 text4 text10 image5
1296,text6 image4 text2 text7 text9
1297,image5 image2 image3 image4 text1
1298,image3 text7 text10 text6 text9
1299,image4 text8 text9 image5 text5
1300,image3 text1 image2 text10 image5
1301,image3 image1 text1 text9 text5
1302,image1 text6 text2 text9 text3
1303,image5 image2 text5 image1 image4
1304,text2 text7 image3 text8 text9
1305,text6 image1 text9 text7 text10
1306,text1 image2 text10 text6 text4
1307,image3 text2 image4 text10 image5
1308,image1 image5 image4 image3 text1
1309,image2 text4 text1 text3 text10
1310,image5 image3 image1 image2 text2
1311,text10 image5 text4 text3 image2
1312,text4 text7 image5 text10 image1
1313,image4 text3 image1 text7 text1
1314,image4 text4 text3 image3 text2
1315,text3 image4 image3 text10 image2
1316,text6 image3 text7 image4 text1
1317,image5 text9 image4 text5 text1
1318,text2 text4 text6 text3 image1
1319,image4 image3 image5 image2 text10
1320,text5 image3 image4 image5 text2
1321,text2 text9 text5 image5 text6
1322,text9 image3 text2 text1 text6
1323,image2 image5 image4 text9 text6
1324,image5 image3 text1 text3 text7
1325,image3 text1 text8 image1 text6
1326,text8 image2 text3 image3 image5
1327,image4 text8 text1 text4 text10
1328,image2 text10 text8 text5 text9
1329,image5 image2 image1 text8 text7
1330,text6 text5 image2 text2 text4
1331,image4 text2 text6 image1 text4
1332,image3 image2 text9 image1 image4
1333,text4 text3 text8 image3 text2
1334,text4 image5 text2 text6 text1
1335,image5 text10 image3 image1 image2
1336,image5 image1 text4 text1 text3
1337,image3 image4 image5 text9 text8
1338,image4 image2 image1 text3 text9
1339,image5 image1 text9 image2 image3
1340,text3 text7 text9 image3 image1
1341,text1 image3 image1 text3 text7
1342,text2 text10 image3 image2 text7
1343,image1 text4 text3 image5 text10
1344,image2 image4 text4 text3 image3
1345,text5 image5 text6 text7 text9
1346,image1 image3 text1 image4 text4
1347,text6 text3 text2 text10 image5
1348,text3 image4 text5 image5 text10
1349,image3 image5 image2 text10 text6
1350,image4 text10 text5 text7 image2
1351,image1 image3 text2 text9 text4
1352,text4 text7 text1 image1 image5
1353,image5 image4 image3 image2 text2
1354,text1 text8 text5 text10 image5
1355,image2 text5 text1 image4 image1
1356,image5 text4 text2 text5 text10
1357,text10 text6 text5 image3 text1
1358,image4 text8 image2 text2 image3
1359,image5 text1 image2 image4 text6
1360,image5 image3 image2 text2 text10
1361,image4 image2 text5 text7 text3
1362,image5 text6 text2 image1 text3
1363,text7 text10 image5 text2 image3
1364,image2 text4 text8 text2 text5
1365,text6 text10 image4 text9 image5
1366,image4 text3 text5 text1 text7
1367,text5 text2 image5 text4 text6
1368,text6 text8 text7 image4 text9
1369,text6 text2 text3 text7 text9
1370,image4 image2 image5 text3 text4
1371,text3 text7 text9 text10 text8
1372,image3 image1 image2 text5 image5
1373,image1 image4 image3 text6 image2
1374,text6 text2 image3 image2 image4
1375,text4 image5 text3 image4 text2
1376,image5 text5 text6 text9 text7
1377,image2 image3 text6 text10 text1
1378,image4 text6 text9 text5 image5
1379,image3 text2 image5 image2 text9
1380,image5 image2 text2 image3 text6
1381,text2 image5 text4 text5 text7
1382,text5 text8 text9 image1 text7
1383,image2 text2 text3 text1 image4
1384,image4 text7 image1 image2 image5
1385,image1 text3 text7 image3 text2
1386,text10 text9 text2 image3 image4
1387,text2 image2 image5 text10 image4
1388,image3 image2 text8 text10 text5
1389,image3 text7 text2 text5 image2
1390,image3 image4 image2 text7 text3
1391,text5 image3 text2 text4 text1
1392,image1 image3 text5 image4 image5
1393,text8 text1 text3 text6 text9
1394,text10 image3 text7 text3 text9
1395,image3 image4 text8 text2 text10
1396,image1 text10 text1 image4 text6
1397,image3 text8 image1 text3 text5
1398,text8 image2 image5 image3 text5
1399,text5 image3 text10 text1 image4
1400,image5 image4 text4 image1 text5
1401,image1 text5 text10 text6 text4
1402,image4 text10 text1 text4 text9
1403,image1 image5 text3 image4 image3
1404,text1 image3 text5 image1 text6
1405,image3 text5 image5 text4 text9
1406,image2 image1 image4 image5 text1
1407,image1 image5 text5 image3 text1
1408,image5 image4 image3 text2 text10
1409,image3 text5 text3 text6 text8
1410,image1 text7 image2 image3 text9
1411,image3 text3 image1 image2 image5
1412,text5 text10 text9 image4 text1
1413,image2 text1 text6 image3 text7
1414,text4 text3 image1 text7 text9
1415,image5 text5 text2 image2 image3
1416,image3 image1 text10 text2 text9
1417,image1 text8 image5 text1 text7
1418,image3 text10 image5 text4 text9
1419,image2 image3 text1 text2 text5
1420,image4 text4 text3 text5 text6
1421,text2 text5 text8 text4 text6
1422,text1 text5 text9 text6 image2
1423,image4 text1 text9 text4 text2
1424,image1 text7 text9 text3 text2
1425,text6 image3 text4 text5 text8
1426,text10 image3 image1 image5 image4
1427,text3 image1 text8 text1 image4
1428,text10 image4 text8 image3 text3
1429,image2 text8 image4 text2 image3
1430,image5 image4 image3 text9 image2
1431,image1 text2 text7 text8 text10
1432,text9 text3 image3 text6 image4
1433,text7 text10 text8 text9 text6
1434,text2 image1 text1 image4 text8
1435,image1 text7 image3 text2 text5
1436,text9 text8 text5 text7 text3
1437,image4 text2 text5 image3 text10
1438,image1 image2 image3 text5 text7
1439,text3 image3 text6 text8 text1
1441,image2 image1 image3 text3 image5
1442,image1 text4 text8 text3 text1
1443,text4 image2 text1 image1 text8
1444,image4 text7 image3 text4 text3
1445,image5 image3 text9 image4 text1
1446,image1 image5 image4 text8 text3
1447,text4 image2 image4 image5 text5
1448,image3 text3 text10 text1 text5
1449,image3 image4 text7 text9 text5
1450,image5 text4 text8 text7 text9
1451,image5 image1 text5 text3 text6
1452,image5 text1 text5 text10 image2
1453,text4 image1 text6 text10 text8
1454,image3 text7 text8 text6 image5
1455,text5 image1 image2 text6 text7
1456,image3 text4 image2 image4 text1
1457,image5 image4 text6 text1 image1
1458,text7 image3 text2 text8 image1
1459,image1 image5 image2 text8 text1
1460,text9 image3 image2 text1 text6
1461,text5 text8 image4 image2 text2
1462,text7 image5 image4 text10 text3
1463,image5 text4 image2 text3 text6
1464,text6 image5 image3 image2 image1
1465,text4 image4 text2 text8 text7
1466,text9 text6 text5 image2 text8
1467,text6 text5 text7 image5 text1
1468,image4 text1 text2 text8 text10
1469,text1 text9 image2 text5 text3
1470,image2 image4 text8 text3 text6
1471,text9 text4 text7 text10 image2
1472,image2 text5 text9 text4 text7
1473,image4 image1 image3 text2 image2
1474,text7 text3 image2 text9 text5
1475,text3 text5 text10 image3 text6
1476,text3 image5 image2 image3 text2
1477,text9 text6 text8 image2 text10
1478,image3 text1 text10 text2 text6
1479,image1 text10 image2 text6 text1
1480,image4 image1 text8 text10 image5
1481,image5 text9 image4 text1 image3
1482,image5 text5 text6 text7 image1
1483,image1 text2 text5 text6 image5
1484,image4 text7 text4 image1 text5
1485,text8 text2 image3 image1 image2
1486,text2 text10 image5 image4 image2
1487,image3 text10 text3 text2 text6
1488,text4 text3 image3 text6 text2
1489,image1 image2 text8 image5 image4
1490,image2 text10 text7 text3 image1
1491,image1 image4 image3 text3 text10
1492,image1 text5 image3 text4 image4
1493,text1 text7 text8 image5 text4
1494,text1 image4 text4 text2 image3
1495,image5 text9 text8 text10 text1
1496,image1 text3 text1 text5 text8
1497,image2 text5 image4 image5 text10
1498,image4 image5 text4 image2 image1
1499,image4 text3 text5 text10 image5
1500,image1 text6 image4 text9 text5
1501,text3 image4 text6 text5 text10
1502,image1 text10 text5 text2 text3
1503,image4 text9 image3 image5 image1
1504,image3 text9 text2 text3 text10
1505,image1 text7 text4 text8 text10
1506,image2 text8 image1 text1 text7
1507,text10 image3 text7 image4 image2
1508,image4 text6 image3 text8 text1
1509,text3 image3 image2 text5 text1
1510,text4 image4 text6 image3 text7
1512,text2 image5 text3 image4 text8
1513,image4 text8 image3 image1 text10
1514,text8 image5 text7 image4 image1
1515,image4 text10 image1 text2 text9
1516,image3 text10 image1 text9 image5
1517,image3 text6 text9 text4 text3
1518,text2 image5 image2 text6 text10
1519,image3 text5 image1 text6 text2
1520,text6 image5 text2 image2 text4
1521,image3 text1 text6 text4 text5
1522,image2 text8 text2 text10 text6
1523,image5 text9 text3 text5 text7
1524,text3 image2 text2 text8 image4
1525,image1 text1 text8 text6 text3
1526,image1 text7 image5 image4 text8
1527,text10 image2 image4 text5 text9
1528,image3 text8 image1 text6 text7
1529,image2 text4 text1 text10 text5
1530,image3 image4 image5 text6 text7
1531,text3 image2 text8 text9 text4
1532,text10 image4 text5 text3 text2
1533,text5 image3 text3 image2 image5
1534,image3 image2 image5 text7 image4
1535,image1 image3 image2 text8 text10
1536,image3 text7 text1 image1 text2
1537,text10 image4 text3 text6 text8
1538,image1 text6 text3 image5 text1
1539,image4 text3 image2 text6 image3
1540,image3 text9 image2 text10 text6
1541,image2 image1 text4 image4 image3
1542,image1 image2 text9 image5 text7
1543,text4 text5 text3 text9 text10
1544,image4 text3 text6 image5 text7
1545,image5 text9 text7 text6 text8
1546,image1 image4 text9 image2 text5
1547,image5 text9 image3 text8 text5
1548,image5 image2 text1 image1 text5
1549,text9 image2 text7 image1 text6
1550,text7 text8 text4 text10 text1
1551,image1 text9 text4 text3 image5
1552,image3 image4 text3 text6 text7
1553,image4 text8 text9 text4 text2
1554,image2 text5 image4 image5 text1
1555,text8 image2 text6 image5 text7
1556,text9 image3 image2 image5 image4
1557,text9 text1 text6 text4 text10
1558,image4 text9 image1 image3 text10
1559,image2 text2 text7 text9 text4
1560,image3 text4 text1 text10 image2
1561,text5 text1 image3 image4 text4
1562,image2 image1 text1 text2 text8
1563,text6 text1 image5 text8 text3
1564,image5 image1 text3 text8 text9
1565,image5 text2 text8 text10 text1
1566,image1 image4 text9 text10 text8
1567,image1 text7 image4 image5 text10
1568,text8 text3 text6 image2 text1
1569,image5 image1 image4 image2 text3
1570,image2 text3 text2 text5 text8
1571,text2 image4 text5 text6 image5
1572,text7 text5 text8 image3 text9
1573,image1 text6 image5 image2 text8
1574,text2 image4 text10 text5 text6
1576,text1 text2 text7 text10 text3
1577,image2 image3 image4 text7 text10
1578,image5 image2 image3 text6 text2
1579,image4 text8 text10 text9 text7
1580,text2 text10 text6 text7 image3
1581,image1 text2 text7 image4 text8
1582,text6 image1 image4 text3 text1
1583,image2 text5 image1 text2 text6
1584,text2 text10 text6 text3 text5
1585,image1 text1 text10 text6 text2
1586,image4 text9 text7 text1 image3
1587,text10 text5 text8 text7 text3
1588,image5 text1 image4 text2 image3
1589,image1 text9 image4 text10 text4
1590,text4 image5 image2 text5 image1
1591,image1 text7 text1 text8 text4
1592,image2 text6 text2 text3 text9
1593,text4 text1 text6 image1 text2
1594,image5 text5 image2 image3 image4
1595,image3 text9 text10 image2 image4
1596,image2 image1 text5 image3 image4
1598,image4 text5 image5 text7 text3
1599,text6 text4 image3 image2 image5
1600,text9 image1 text1 text2 image5
1602,image2 image4 image3 text7 image5
1604,text6 image5 text1 text7 text5
1605,text6 text7 text5 text10 text8
1606,text1 image2 text9 image5 text8
1607,text9 text1 image4 text3 image2
1608,text6 image5 image4 image1 text7
1609,image2 text5 text8 text9 text1
1610,image2 text8 image5 text5 image3
1611,image2 text3 text2 image3 text9
1612,image2 image3 image5 text9 image4
1613,text1 text2 text4 text5 image5
1614,text5 text2 image4 text10 text3
1616,text8 text2 image3 text5 text6
1618,text4 text8 text2 text3 text9
1619,text4 image4 text1 image3 text9
1620,image4 image2 text10 image1 text3
1621,text3 image1 text4 image2 text10
1622,text3 text7 text8 text4 text2
1623,text10 text8 text1 text9 image4
1624,text8 image4 text6 text4 image5
1625,image3 image2 text10 text4 text6
1627,image5 image4 text2 image3 text3
1628,image1 text3 text1 text10 text5
1629,image4 text2 text1 text3 image3
1630,image5 text4 text8 text2 text3
1631,image2 text8 text4 text10 text6
1632,image4 text9 image3 text2 image2
1633,image5 image4 image1 text9 text4
1634,text1 text8 image2 text9 image3
1635,image5 image2 image4 text9 text4
1636,text6 text5 image1 image2 image3
1637,image2 text8 text5 image1 image4
1638,image2 image4 image5 image1 image3
1639,text7 text6 image5 text9 text2
1640,text8 text1 text10 text5 text2
1641,image3 image4 image2 image1 text5
1642,text7 image4 text10 text2 text9
1643,image3 text9 text7 image4 text2
1644,image2 image4 image1 text8 image3
1645,image5 text2 image1 image4 text1
1646,image2 image4 text3 image5 text5
1647,text9 text6 text8 image1 text5
1648,image2 image3 text8 text7 text2
1649,text6 text5 image1 text2 image3
1650,image4 image5 text1 text7 text6
1651,text7 image3 text1 text3 text5
1652,image1 text2 text1 text9 text7
1653,image3 image4 image5 text9 text7
1654,image3 image1 text7 text4 image4
1655,image2 text8 text3 text6 image4
1656,image2 text9 text7 text5 image4
1657,text6 image3 image4 text10 image5
1658,text7 text6 text3 text2 text4
1659,text10 image1 image5 text8 image2
1660,image3 text6 text9 text3 text7
1661,image2 image4 image3 text4 image5
1662,image3 text5 text3 image2 text2
1663,image1 text4 text3 image4 text2
1664,image3 image2 text10 text4 image1
1665,text9 image5 text2 text4 text6
1666,image1 image2 image4 text9 text1
1667,image1 text4 image5 text10 image3
1668,image3 image1 text2 text6 image4
1669,text5 text3 text4 text8 image5
1670,text6 text2 text7 text8 image5
1671,image2 image3 text5 image1 text6
1672,image1 text4 image3 image5 text9
1673,text5 text8 image5 text6 image4
1675,text10 text6 text8 text9 image5
1676,text6 image5 image1 text2 text1
1677,text10 image1 text7 text1 image4
1678,text8 image2 text7 image4 text3
1679,text7 text4 image2 image1 text2
1680,text5 text4 text1 text8 text7
1681,text6 text2 image1 image3 text5
1682,image3 image1 image4 image5 image2
1683,text4 text2 image4 text8 text6
1684,text3 text9 text8 text5 text2
1685,image1 image2 text9 image3 text1
1686,image5 text1 text10 text5 text9
1687,image4 text10 text8 image2 text2
1688,text6 text2 text3 text1 text7
1689,text2 image2 image5 text7 text5
1691,text5 image3 text6 text8 text4
1693,text4 text8 image5 text9 text2
1694,text6 text10 image2 text2 text4
1695,text3 text10 text6 text5 text9
1698,text10 text5 text4 text2 text1
1700,image4 text2 image2 text5 image1
1703,image2 text2 image3 image4 text10
1704,text10 text8 text5 text4 text6
1705,text6 text8 image2 text4 text10
1706,text4 text1 image2 image1 text3
1707,text8 image2 text7 text6 text10
1708,text6 text8 text7 text10 text3
1709,image3 text7 text2 text9 text4
1710,text7 text9 text6 text3 text2
1711,text2 text5 text6 text9 text7
1712,text7 image2 image5 image4 text4
1713,text5 text8 text6 text10 text9
1714,image1 text3 text4 text7 text5
1715,text8 text9 text1 image1 text3
1716,text2 text7 text3 text6 image3
1717,text6 text2 text8 text9 text5
1718,text3 image3 image1 image5 image2
1719,image2 image3 text9 image5 image4
1720,image3 image1 image5 image4 text1
1721,image2 image4 text1 text9 image5
1722,image1 text1 image5 image3 image4
1723,image4 image5 image3 text9 image1
1724,image4 image3 image5 text10 image1
1725,image3 image4 text8 text10 text7
1726,image5 image1 image2 image3 image4
1727,image3 image1 image5 image2 image4
1728,image4 image3 text9 image2 image5
1729,image3 image1 image4 text4 image5
1730,image1 image5 text5 text2 text1
1731,image2 image1 text6 text1 text3
1732,image2 image1 image4 text4 image3
1733,image1 text4 image5 text6 text5
1734,text1 image1 image3 image2 image4
1735,image3 text5 image4 image5 text9
1736,image3 image4 text3 image5 text8
1737,image5 image3 image2 text7 image1
1738,image3 text5 image1 text8 image4
1739,image5 image4 image2 text4 text3
1740,image5 text4 image2 image3 image1
1741,image2 image4 text6 text4 text5
1742,image1 image2 image4 image5 image3
1743,image1 image2 text8 text3 text2
1744,image4 image2 image3 image5 image1
1745,image1 image3 image5 image2 image4
1746,text5 image5 image1 text3 image3
1747,image2 text2 image4 text9 text8
1748,image5 text4 text9 image2 text2
1749,image3 image4 text2 text8 text7
1750,image5 image1 image2 image4 text5
1752,image2 text2 text6 image1 image3
1753,image4 image1 image2 image3 text9
1754,image2 image3 image4 text2 text5
1755,text3 image5 text1 image1 text8
1756,image3 image5 text3 image4 text1
1757,image4 image5 text6 image3 image1
1758,image4 image1 text5 image3 text4
1759,image1 text4 text8 image4 image3
1760,image4 image5 image1 image3 text1
1761,image2 image5 image4 text10 image1
1762,image4 text7 image2 image5 image3
1763,image4 image5 image3 text3 image1
1764,image5 image4 image1 text4 image2
1765,image1 image3 text1 image5 text9
1766,image1 image3 image4 text2 text9
1767,text7 text9 image2 text1 text2
1768,image2 text3 text8 image4 image3
1769,image4 image2 text4 image5 image1
1770,image4 image1 image2 image3 image5
1771,text6 image5 image1 image3 image2
1772,text10 image2 image4 image5 text6
1773,image3 image2 image1 text9 text3
1774,image4 image1 image2 image3 image5
1775,image5 image4 image2 image1 image3
1776,image1 text5 text2 image3 text10
1777,image5 image4 text5 text2 text1
1778,image4 text10 text4 text9 image5
1779,image3 text6 text9 image5 text7
1780,image2 image1 text10 image5 image4
1781,image3 text6 image4 image1 image5
1782,text6 image5 image3 text1 image4
1783,image2 image1 text2 text7 image5
1784,image2 image5 image4 text3 image3
1785,image4 image2 text9 text8 image3
1786,image2 image5 text8 text9 text10
1787,text7 image2 image3 text1 image1
1788,image5 image3 image1 image2 image4
1789,image1 image3 text4 image4 image5
1790,image4 image2 text1 image1 image3
1791,image4 image1 image2 text9 text6
1792,text6 text10 image1 text8 image3
1793,text8 text7 image2 text9 text1
1794,image2 image3 text2 text3 text6
1795,image1 text4 text9 text7 text5
1796,image1 image4 text1 image3 image5
1797,image2 text2 text4 image1 text7
1798,image5 image3 text5 image4 image2
1799,text3 image2 text6 text7 text1
1800,image1 text9 text7 text10 image2
1801,image5 image1 text7 text10 image3
1802,image4 text3 image5 image2 text7
1804,text5 text7 text6 text10 image2
1805,text3 text2 image3 text6 text1
1806,text7 text4 text10 image2 image5
1807,image2 image4 image1 text10 image3
1808,image5 image2 image1 image4 image3
1809,image5 image3 text5 image2 text4
1810,image2 text7 text10 text4 text1
1811,image3 image2 image5 text9 image1
1812,image1 image4 image2 text4 image3
1813,text9 image1 image5 text3 image3
1814,text1 text4 image3 image2 text7
1815,image3 image1 text2 image2 image5
1816,image1 image3 image5 image4 image2
1817,image3 text7 image4 image2 text8
1818,text2 image5 image3 text1 image1
1819,text1 text3 text2 image1 image2
1820,image3 image5 text5 image1 image2
1821,text3 image3 text4 text8 text10
1822,image3 text4 text8 image5 text2
1823,text5 image3 text3 text9 text10
1824,image5 image4 text10 image2 image1
1825,text10 image1 image4 text1 image5
1826,text1 image2 text10 text6 text9
1827,image4 image3 text2 text1 text5
1828,image3 image2 image1 image4 text1
1829,text1 image1 text9 text8 text7
1830,text2 text3 image4 image2 image1
1831,image2 text2 image4 image1 image5
1832,image1 text1 text6 text7 text8
1833,image1 text3 text2 text4 image2
1834,image4 text4 text10 image1 image2
1835,text3 text8 image4 text10 text7
1836,image4 image5 text5 image2 image3
1837,text4 image5 text1 text10 text6
1839,image4 image5 image3 image1 text4
1840,image3 image4 image2 image5 image1
1841,image2 text10 image3 text7 image5
1842,image2 image5 image3 image4 image1
1843,image5 image1 text7 text3 text5
1844,image3 text4 text10 image4 text7
1845,image1 image3 image5 text2 text1
1846,text7 text4 text10 text2 text9
1847,text2 image5 image4 image1 image3
1848,image1 image3 text2 image2 text9
1849,text8 image1 text7 image3 text5
1850,image3 text4 image2 image1 text7
1851,image3 image5 text10 image4 text2
1852,text10 text3 image4 image3 text5
1853,image4 image3 image5 text4 text2
1855,image3 text3 text9 text6 image1
1857,image1 text9 image3 text5 text3
1858,image3 image1 text3 text4 image5
1860,image4 image3 text4 text7 image2
1861,text9 image4 image3 image1 image5
1862,image2 image3 text9 text6 image4
1863,image1 text9 text1 text2 text5
1864,image1 text7 image4 image3 text9
1865,image2 image1 image3 text1 text2
1866,text6 image2 text5 image4 text7
1867,image1 text10 image2 image5 image4
1868,image4 image3 image1 text4 text7
1869,text8 text4 text9 image3 text5
1870,image1 image5 image2 text1 text6
1871,image3 image5 image1 text3 image2
1872,text6 image5 text1 text5 text10
1873,image2 text6 text4 text5 text7
1874,text3 text6 image4 image3 text2
1875,image2 text10 image5 text4 image4
1876,text4 image4 image1 image3 text1
1877,text3 text2 text4 text6 image2
1878,image4 image1 text2 text9 text8
1879,image2 text9 image4 image1 image3
1880,image1 image2 image5 text6 text10
1881,image4 image5 image3 image1 image2
1882,image1 image5 image3 image4 image2
1883,image3 text7 image4 image5 image2
1884,text6 text5 text2 text4 image4
1885,image2 text8 text7 text1 text6
1886,text10 text9 text2 image2 text5
1887,image2 text1 text4 text9 image3
1888,text5 image5 text4 image1 image4
1889,text10 image4 text3 text9 text5
1890,image1 text5 text1 text8 text10
1891,image5 text4 text9 text7 image1
1892,image3 text7 image5 image4 image1
1893,text10 text4 image1 text7 text8
1894,text6 image3 image5 image1 text8
1895,image5 image3 text3 image2 text4
1896,image2 image4 text10 text1 text8
1897,image4 text9 image3 text7 text1
1898,text1 text4 image3 image1 text9
1899,image4 image3 image1 text6 image5
1900,image4 image5 image1 text7 text1
1901,image2 image5 text4 image1 text5
1902,text8 text6 image2 image4 text10
1903,image1 text2 text7 text9 text3
1904,text1 image2 image5 image1 image3
1905,image1 text2 text4 text9 text7
1906,image2 text2 text6 text5 text7
1907,image1 image4 text2 image2 text4
1908,image5 image4 image3 text4 image1
1909,image5 image3 image4 text7 text9
1910,image3 text8 image1 image2 text5
1911,image4 image2 image1 image5 text4
1912,text6 text3 image4 text8 text5
1913,image5 image4 image2 text2 text5
1914,text5 text7 text10 image2 text1
1915,text8 image1 image5 text4 text6
1916,image5 image4 image1 text2 text9
1917,image3 image1 image4 text7 image5
1918,text5 text3 text10 image4 image3
1919,image3 image5 text3 image1 image2
1920,image3 image5 text3 text5 text8
1921,image1 text6 image5 text2 text1
1922,image1 text9 text4 text7 text1
1923,text9 text5 text6 text3 text1
1924,image5 text10 text8 text2 text9
1925,text3 text10 image1 text4 image5
1926,image3 text9 image4 text10 image1
1927,image3 text2 image4 image1 text10
1928,image2 text4 text2 image5 text8
1929,text1 image3 image2 image1 text2
1930,text10 image3 text8 image2 text1
1931,text7 text8 text3 text1 text10
1932,text8 text5 image3 image1 text9
1933,image3 image4 text9 image2 image1
1934,image1 image4 image2 text2 image5
1935,image1 text8 image2 image5 text5
1936,image2 image3 image5 text4 text1
1937,text8 text4 text7 text5 image3
1938,image3 image4 image5 image1 image2
1939,text4 text6 text9 image1 text1
1940,image3 text2 image2 image5 image4
1941,image3 image2 image1 text7 text6
1942,text7 text1 text6 text3 text9
1943,image5 text5 text7 text10 text6
1944,image4 text9 text5 image1 text7
1945,image5 image3 image4 text3 image1
1946,image4 text2 image3 image5 image2
1947,image3 text4 image4 image1 text3
1948,image5 image1 image3 text2 text3
1949,image3 image5 image2 image4 image1
1950,text9 text6 image3 image1 image2
1951,image2 text6 text8 image5 image1
1952,text5 text1 image5 image3 text3
1953,image2 text7 image1 image4 image5
1954,text7 text5 text10 text8 image3
1955,image3 image2 text1 image5 text2
1956,image5 text5 image4 text4 text2
1958,text2 text8 text3 image4 image3
1959,image4 image5 text4 text3 image2
1960,image1 image3 text1 text2 image2
1961,image5 text5 text9 text6 text2
1962,image1 image3 image5 image4 text5
1963,image5 image3 text9 text3 image2
1964,text8 image1 text3 image4 image2
1965,image1 image4 image3 text7 image2
1966,image4 text10 text2 image2 image3
1967,image2 image5 image4 image1 text7
1968,image5 text7 image2 image4 image3
1969,text4 image5 text8 text5 image1
1970,text1 image4 text2 text7 text3
1971,image2 image5 image1 text4 image3
1972,image4 image2 image3 image5 image1
1973,text1 image2 text4 text2 text6
1974,text9 text5 text8 text7 image5
1975,image1 image5 image4 text3 image2
1976,text4 text6 text10 text2 text3
1977,text10 image5 text4 image4 image1
1978,image1 text2 text4 text7 image5
1979,image2 text2 text5 text8 text6
1980,image5 image1 text7 image3 image2
1981,image1 text1 image4 text10 text4
1982,text10 text9 image2 text5 text7
1983,image2 text1 text7 text3 text9
1984,image3 image5 text6 text4 image1
1985,image5 image4 image3 image1 text7
1986,image2 image3 image4 image1 image5
1987,text4 image2 image1 text8 image4
1988,text6 image2 text7 image1 text2
1989,image2 text6 text5 text7 text1
1990,image3 text7 image5 image4 text2
1991,text6 text5 image5 text2 text8
1992,image2 image1 image3 image5 text10
1993,image5 text9 image2 text3 image4
1994,image3 image1 text1 text4 text8
1995,image1 image5 image2 text8 text3
1996,image1 text4 image4 text3 text8
1997,image4 image5 image1 image2 text1
1998,text10 text5 image3 text6 text2
1999,image2 text9 text4 text2 text5
