1406,image2 image1 image5 text9 text1
1407,image1 text7 image5 text5 text1
1408,image4 image5 text10 image3 text3
1409,image3 text3 text8 text10 text5
1410,text2 image1 text9 text1 text6
1411,image3 text3 text5 text10 image2
1412,text5 text10 text6 text1 text8
1413,image2 text6 image5 text1 image3
1414,text4 text9 image1 text3 text6
1415,image5 text5 image3 image4 image2
1416,image3 text2 text10 text8 image1
1417,image1 text8 text6 image5 text1
1418,image3 text4 text10 text9 text2
1419,image2 text1 text2 text5 image3
1420,image4 text4 image5 text5 text3
1421,text8 text3 text2 image1 text4
1422,text1 text7 text9 text5 text3
1423,image4 text2 text1 text8 text4
1424,text2 image1 text10 text3 text7
1425,image1 text5 image2 image5 text4
1426,image3 image1 text10 image5 image2
1427,text3 image1 text8 text4 text1
1428,image4 text8 text10 text1 text7
1429,image2 text1 text8 text2 text4
1430,image4 image3 image5 image2 text3
1431,text7 text9 image1 text2 text10
1432,image1 image3 text9 image2 text2
1433,image4 text10 text2 text7 text9
1434,image1 text2 text6 text1 image3
1435,image1 text7 text6 text3 image3
1436,text9 image5 text3 text8 image3
1437,image4 text2 text5 text10 text7
1438,image1 image3 image2 text3 text8
1439,text3 image3 text8 text6 text2
1441,image2 image1 image3 text5 image5
1442,image1 text2 text7 text4 text9
1443,text4 image2 image1 text1 text8
1444,image4 text7 text4 text3 image3
1445,image5 image3 image4 text9 text2
1446,image5 image1 image4 text4 text8
1447,text4 text7 text3 image5 image2
1448,image3 text10 text1 text3 text6
1449,image3 image4 text9 text3 text6
1450,image5 text7 text4 text9 text8
1451,image5 image1 text6 text3 text5
1452,image5 image2 text5 image3 image1
1453,image1 text6 text8 text10 text2
1454,image3 text7 text8 text3 text5
1455,text5 image1 text7 image2 text6
1456,image3 text4 text1 image2 text6
1457,image4 image5 text6 image1 text5
1458,text2 image3 text7 text8 image5
1459,image1 image2 image5 image3 image4
1460,text1 image3 text6 image2 text7
1461,text5 image2 text2 text8 image4
1462,text7 image5 image4 text6 text4
1463,image5 text4 image2 text6 text3
1464,text6 image5 image3 image2 image1
1465,image4 text2 text8 text6 text1
1466,text5 text6 text9 image1 image4
1467,text7 text6 text8 text5 text1
1468,image4 text1 image3 text8 text2
1469,text9 text3 text1 image2 text7
1470,image4 image2 text3 text2 text6
1471,text4 text9 text7 text10 image1
1472,image2 text7 text3 text5 text4
1473,image3 image2 image1 text8 text9
1474,image2 text9 text3 text2 image5
1475,text3 text5 text10 image3 image2
1476,text3 image3 image2 text2 text5
1477,text9 text1 image2 text8 text5
1478,image3 text2 text1 text10 text6
1479,image1 text6 text2 text4 text10
1480,image4 text8 image5 text4 image2
1481,image5 text9 image3 text8 text5
1482,text5 image5 text6 text7 image1
1483,image1 text5 text2 text6 image3
1484,image4 text4 text7 text9 text1
1485,text8 text7 text2 text3 image3
1486,image5 text2 image2 text10 image4
1487,image3 text3 text8 text6 text5
1488,text4 text3 image3 text2 image4
1489,image1 image2 text8 text3 text10
1490,image2 text10 image1 image4 image3
1491,image1 image3 image4 text5 text8
1492,text5 text4 text9 text3 image1
1493,text1 image5 text4 text8 text6
1494,text2 text4 text1 image2 text9
1495,text5 image5 text8 text3 text7
1496,image1 text3 text1 text5 text9
1497,image2 text2 text5 image5 text4
1498,image4 image5 image2 text3 text7
1499,image4 text3 text5 text10 text4
1500,image1 text6 text9 text10 text3
1501,image4 text3 text6 text8 text2
1502,text10 image3 text4 text2 text6
1503,image4 image5 text9 text6 text2
1504,image3 text2 text3 image1 text9
1505,image1 text8 text5 text4 image2
1506,image2 text8 text6 text7 text1
1507,image3 text9 image4 text10 text2
1508,image4 text6 image3 text8 image2
1509,image3 text8 text3 text6 text10
1510,text4 image4 image5 text7 text2
1512,text2 text3 image4 image1 text9
1513,image4 text8 image3 image1 image5
1514,text8 image4 image2 text2 text6
1515,image4 text10 text2 text9 image1
1516,image3 text10 text9 text6 text1
1517,image3 text9 text6 text3 text4
1518,image5 text2 image2 text6 text10
1519,image3 text5 image1 text8 text6
1520,text10 image3 text6 text2 text9
1521,image3 text1 text4 text6 text7
1522,image2 text8 text7 text9 text6
1523,image5 text9 text3 text7 text10
1524,image3 text2 text6 text3 text8
1525,image1 text1 text6 text5 text2
1526,image1 text7 text8 image4 image5
1527,image4 text10 image5 image2 image3
1528,image3 text8 text6 image1 image4
1529,text1 image2 text4 text6 text10
1530,image3 image4 text6 text2 text8
1531,image2 text3 text9 text5 text8
1532,image4 text2 text10 text5 text7
1533,text4 image5 image3 image2 text5
1534,image2 image4 image3 image5 text7
1535,image1 image3 text8 image2 text10
1536,text5 text8 image1 image5 text7
1537,image4 text3 text10 text7 text8
1538,image1 text6 image2 text1 text8
1539,image4 image2 text3 image5 text4
1540,image3 text9 text6 text7 text4
1541,image2 image1 text4 image4 image3
1542,image1 image2 text2 text9 text7
1543,text3 text5 text7 text4 text6
1544,image4 text3 text6 image1 text7
1545,text9 image5 text6 text8 text2
1546,image1 image4 text9 text5 text8
1547,image5 text5 text9 image3 text8
1548,image5 image2 text1 text6 text5
1549,text9 text7 text1 text2 image2
1550,text3 text1 text7 text10 image3
1551,image1 text9 text10 text4 text2
1552,image3 text7 text3 text6 text2
1553,text8 text4 image4 text5 text1
1554,image2 image4 image5 text1 text5
1555,text8 image2 image5 text7 text10
1556,text9 image3 text4 text10 text7
1557,text9 text2 image5 text1 text6
1558,image4 image1 text9 text10 text2
1559,image2 image1 image3 text5 text7
1560,image3 text6 text1 text4 text10
1561,text4 text5 image5 text1 image4
1562,image2 image1 image4 text1 image5
1563,text8 text6 image4 text9 image1
1564,image5 text1 image1 text9 image3
1565,image5 text10 text2 text6 text8
1566,image1 text9 text8 image4 text4
1567,image4 image1 text7 text8 text4
1568,text8 text3 text6 text1 text4
1569,image1 image5 image4 image3 image2
1570,image2 text3 text2 text7 text5
1571,text2 image4 text5 text6 text8
1572,text7 text9 text8 text2 text4
1573,image1 text3 text6 image5 text1
1574,text6 text5 text7 text2 text8
1576,text1 text3 text9 text2 text7
1577,image2 text7 image3 image4 text2
1578,image5 text1 text3 text2 text9
1579,image4 text10 image5 image3 image2
1580,text2 text10 image1 text6 text5
1581,image1 text7 text2 image4 text9
1582,text6 image4 image1 text9 text3
1583,image2 text5 text6 text2 text9
1584,text2 text9 text1 text5 image4
1585,image1 text9 text6 text1 text10
1586,image4 text9 text7 text4 text1
1587,text8 text10 image1 text3 text6
1588,image5 text1 image3 text2 text5
1589,image1 text4 text9 text2 text7
1590,text4 image5 text5 text2 text7
1591,image1 text7 text1 text4 text8
1592,text2 image2 text6 text3 text5
1593,text4 text2 text8 text6 text1
1594,image5 text5 text4 text1 text7
1595,text5 text10 text8 text1 text3
1596,image1 text4 image2 text3 image3
1598,image4 text7 text5 text1 text2
1599,text6 text4 image5 image3 image2
1600,text6 image1 image5 text9 text1
1602,image4 image3 image1 image2 text9
1604,image5 image3 text10 text7 text2
1605,text5 text1 text6 text7 text10
1606,text1 image2 image5 text7 text8
1607,image4 image3 image1 image2 image5
1608,image5 image4 image2 image1 image3
1609,image2 text8 text5 text9 text3
1610,image2 image5 image3 text5 image4
1611,image2 text3 text2 text1 text5
1612,image2 image4 image3 text9 image5
1613,text2 text4 text8 text5 text1
1614,text5 text2 text10 text3 image4
1616,text2 text6 text8 text4 text5
1618,image2 text3 image5 image1 text8
1619,text4 image4 text9 text3 text1
1620,image4 image2 image1 text1 text9
1621,text3 image1 image2 image4 text4
1622,text7 text4 text9 text3 text8
1623,image4 image1 text1 text10 text7
1624,text8 image4 text6 text5 text4
1625,image3 text10 text6 image2 text4
1627,text2 image4 image5 text5 text4
1628,image1 text5 text1 text3 text7
1629,image3 image4 text3 text2 text1
1630,image5 text5 text4 text8 text3
1631,image2 text8 text10 image5 text6
1632,image4 text9 image3 image2 text2
1633,image5 image1 text10 image4 text2
1634,image2 image3 text1 text9 image4
1635,image4 text9 text4 image2 text8
1636,text6 image1 text5 text1 image2
1637,image2 text7 text10 image5 image1
1638,image3 image4 image2 image5 image1
1639,text7 text6 image5 text5 text2
1640,text8 image5 text10 image3 image1
1641,image3 text7 image1 text4 text2
1642,text7 text10 text9 image1 image3
1643,text9 text2 text4 image4 text10
1644,image1 image2 text8 image5 image4
1645,image5 image1 image4 text3 text6
1646,image2 text10 image4 text9 text4
1647,text9 image1 text6 text4 image3
1648,image2 image3 text8 text4 text7
1649,text6 text5 image1 image3 text1
1650,image4 image5 image1 text6 text7
1651,image3 text7 text6 text8 text3
1652,image1 text1 text2 text10 text6
1653,image5 image3 text9 text10 text5
1654,text7 image1 image3 text4 image4
1655,text8 text9 text3 image2 text6
1656,image2 text4 text5 text9 text3
1657,text6 image3 text7 text8 image1
1658,text6 text7 text4 text2 text8
1659,text10 image5 image2 text4 text3
1660,image3 text6 text9 text7 text4
1661,image3 image2 image5 image4 text10
1662,image3 text5 text3 text1 text6
1663,text4 image1 text3 text10 text5
1664,image2 image3 image1 text10 text4
1665,text9 image5 text2 text3 text6
1666,image4 image1 image2 text4 image3
1667,image1 text4 text10 text7 image2
1668,image3 image1 text6 text2 text1
1669,text5 text3 image5 image4 image3
1670,text6 text2 text9 image3 text7
1671,image1 text2 text4 image2 text5
1672,image1 text9 image3 text6 image4
1673,text3 image5 text5 text8 text2
1675,text10 text9 text8 text6 image5
1676,text9 text2 image1 image5 text6
1677,text10 text7 image1 image4 text1
1678,text8 text7 image2 image4 text1
1679,text4 text7 text2 image2 text9
1680,text10 text1 text2 text8 text7
1681,image1 image3 text5 text2 text8
1682,image3 text10 image1 text9 image4
1683,text2 text3 image4 text6 text4
1684,text3 text9 text5 text6 text2
1685,text9 image1 image2 text4 text6
1686,image5 text1 text5 text7 text9
1687,image4 text8 text10 text9 image5
1688,text6 image2 text7 text8 text2
1689,text2 image5 text7 text5 image2
1691,text4 text1 text8 text5 text3
1693,text4 text8 text2 text9 text3
1694,text2 image2 text10 text6 text1
1695,text3 text10 text5 text6 text2
1698,text10 text5 text8 text1 text4
1700,text5 text3 image4 image1 image2
1703,image2 image4 image3 image1 text8
1704,text10 text6 text4 text5 text2
1705,text6 text8 text2 text10 text9
1706,image2 text4 text3 text1 image1
1707,text7 text8 image2 text6 text10
1708,text7 text10 text6 text8 text3
1709,image3 text7 text9 text4 text8
1710,text7 text2 text8 text9 text3
1711,text2 text8 text5 text6 text9
1712,image2 image5 image4 text2 text5
1713,text5 text8 text3 image2 text6
1714,image1 text4 text7 text5 text8
1715,text9 text8 text3 text1 text5
1716,text2 text7 text3 image3 text6
1717,text2 text6 text9 text8 image4
1718,image1 text3 image5 image3 image4
1719,image2 image3 text9 image5 image4
1720,image3 image1 image5 text3 image4
1721,image2 image4 text9 text1 image3
1722,image5 image1 image3 image4 text2
1723,image4 image1 text4 text10 text5
1724,image4 image3 image5 text6 text10
1725,image4 image3 text7 image2 text8
1726,image5 image1 image2 text6 text10
1727,image3 image1 text4 text8 text1
1728,image4 image3 image2 image1 text6
1729,image1 text5 image2 text8 image4
1730,text5 image1 image5 text1 text3
1731,image2 image1 text6 text3 text1
1732,image2 image4 image1 text7 image3
1733,image1 text4 image5 image3 image2
1734,text1 image4 image2 image1 image3
1735,image3 text5 image4 text7 text8
1736,image3 text3 image4 text5 text9
1737,image5 text1 text6 text4 text8
1738,image3 text8 text5 text4 image1
1739,text3 image4 image2 text4 image5
1740,image5 image2 text4 image1 image4
1741,image4 text6 text1 image2 text4
1742,image1 image2 image4 image5 image3
1743,image1 text2 text7 image2 image3
1744,image4 image5 image2 text10 image3
1745,image1 image3 image5 text9 image4
1746,image5 text5 text3 text8 text1
1747,image2 image4 text1 text9 image3
1748,image5 text4 text9 image4 image1
1749,image3 text8 image4 text3 text7
1750,text10 image1 image2 text1 image5
1752,image2 image5 text2 image1 image3
1753,image1 image4 text2 text4 text10
1754,image2 image3 image4 text2 text10
1755,text3 text2 text6 text9 text5
1756,image3 text1 image5 text3 text10
1757,image4 image5 image3 image2 image1
1758,image4 image1 text9 image3 image5
1759,image1 text4 text8 image4 text7
1760,image4 image5 image1 text1 image3
1761,image2 image5 text1 image4 text5
1762,text3 image4 image2 text6 image5
1763,image4 image5 image2 image3 text6
1764,image5 image1 text4 image4 text1
1765,image1 text4 text1 text2 text9
1766,image1 text7 text4 image5 image4
1767,text2 text1 text5 image5 image2
1768,image2 text8 text3 text10 image4
1769,image4 image2 text6 text5 image5
1770,image4 text2 text5 text7 text3
1771,image5 text5 image3 text6 text8
1772,text10 image2 text9 image5 text3
1773,image3 image1 text3 text6 image2
1774,image4 image1 image5 image2 text10
1775,image2 text2 image1 text9 text8
1776,image1 text5 text2 text10 text9
1777,image5 image4 text2 text5 text9
1778,image4 text10 text4 text8 image1
1779,image3 text6 image5 image4 text9
1780,image2 image5 image1 image3 image4
1781,image3 image4 image1 text6 image5
1782,image3 image5 text6 image1 image2
1783,image1 image2 text7 image4 image3
1784,image4 image2 image5 image3 text8
1785,image2 text8 image4 image1 text1
1786,image2 text8 text1 text9 text10
1787,image2 text1 image3 image1 image4
1788,image5 image3 image1 image2 text2
1789,image1 text4 image3 image4 image2
1790,image4 text1 image1 image2 image5
1791,image2 text3 image3 text5 text9
1792,image3 text6 image1 text10 text8
1793,text8 text7 image2 text9 text10
1794,image2 text2 text4 text7 text5
1795,image1 text5 text6 text7 text4
1796,image1 image4 text1 text7 text9
1797,text4 image1 text2 image2 text6
1798,image5 image3 text5 image4 text9
1799,image2 text1 text3 text7 text10
1800,image1 text10 text3 text1 text9
1801,text9 image5 text10 text7 image1
1802,image4 image5 text2 text6 image2
1804,text5 text1 text7 text10 image2
1805,text1 image3 text3 image1 text9
1806,image4 image5 image2 image1 image3
1807,image2 image4 image3 text10 text8
1808,image5 image2 image4 text6 text3
1809,image5 text5 text8 text4 text6
1810,text7 text4 text10 image2 text1
1811,image3 image2 image5 text9 text2
1812,image4 image1 text6 text10 image2
1813,text9 image5 image1 image4 image3
1814,text1 image5 image2 text4 text7
1815,image3 image2 image1 text10 text4
1816,image1 image3 image2 image5 image4
1817,image3 text7 text1 text4 text10
1818,text2 image5 image3 text6 text1
1819,text1 text3 text2 image1 text10
1820,image5 image1 image2 image3 text6
1821,text3 text8 image3 text7 text10
1822,image3 text4 text8 image5 text9
1823,text5 text3 image3 image5 text7
1824,image5 image4 image3 text7 image2
1825,image1 image4 text3 text8 text1
1826,text1 image2 text6 text10 text9
1827,image4 text1 text2 text3 text4
1828,image3 image1 image2 image5 text10
1829,text1 text8 text9 text7 text3
1830,text2 text3 image2 image1 image4
1831,image2 text4 image4 image5 text8
1832,image1 text1 text7 text8 text3
1833,text2 text3 image1 image4 image2
1834,image4 text4 text8 image1 image3
1835,text3 image4 text8 text6 text10
1836,image4 text10 text6 text4 image5
1837,text1 text4 image5 image3 text9
1839,image5 text4 image1 text8 text5
1840,image5 image2 image1 image3 image4
1841,image2 image3 text9 image5 text6
1842,image2 image3 image4 image5 image1
1843,image5 image1 text3 text7 text9
1844,text4 text10 image3 text7 image4
1845,image3 image1 image5 text7 image2
1846,text7 text9 text4 text10 text2
1847,image5 text3 text2 image4 image2
1848,image1 text9 image3 text4 text2
1849,text8 text3 image1 image4 image2
1850,image3 text4 text7 image1 text9
1851,image3 text3 text2 text9 text8
1852,text10 text3 text2 image4 text4
1853,image4 image3 text4 text2 text3
1855,image3 text3 image1 text6 text9
1857,image1 text9 text3 image3 image5
1858,image3 image1 text4 text3 text5
1860,image4 text7 image3 text4 text5
1861,text9 image3 image4 image1 image2
1862,image2 image4 text10 text9 image1
1863,image1 text9 text1 text4 text7
1864,image1 text7 text9 image3 text8
1865,image2 image3 text2 text5 image1
1866,image2 text6 image4 text5 image1
1867,image1 image4 text10 image5 image2
1868,image4 text7 text6 text1 text5
1869,text8 text4 text3 image3 text6
1870,image1 text1 image2 text4 image3
1871,image3 image5 image1 image2 image4
1872,image5 text6 text2 text4 text7
1873,image2 text4 text6 text5 text3
1874,text3 image3 text6 text2 image5
1875,image2 text4 text10 text5 text3
1876,text4 image3 text7 text1 text8
1877,text3 text5 image3 text2 text1
1878,image4 image1 text9 text8 text2
1879,text3 image2 text2 text1 image1
1880,image1 text10 text1 text7 text4
1881,image4 image5 text9 image3 text4
1882,image1 image4 text2 text7 text8
1883,text7 image3 image4 text5 image2
1884,text6 text10 image5 image4 text5
1885,image2 text7 text1 text8 text10
1886,text10 text2 text1 image1 text9
1887,text1 image2 text4 text10 text2
1888,text4 text5 image2 image3 image1
1889,text10 text9 image4 text3 text5
1890,image1 text1 text5 text2 text8
1891,image5 text9 text7 text10 text4
1892,image3 text7 image5 image4 text4
1893,image1 text5 image4 text4 image2
1894,text6 text9 image3 text3 text10
1895,image5 image3 text3 image1 text2
1896,image2 text2 text5 image4 text8
1897,image4 text9 image3 image1 image5
1898,image3 text1 text2 text4 image5
1899,image4 image1 image5 image3 text7
1900,image4 image5 image1 text3 text1
1901,image2 image1 image5 text3 image4
1902,text8 text7 text3 image4 image2
1903,text2 image1 text9 text7 text1
1904,image5 image2 text8 image1 image3
1905,image1 text2 text4 text7 image2
1906,text5 image2 text2 text6 text7
1907,image1 image4 image3 image2 text9
1908,image5 image4 image3 text8 text1
1909,image5 image3 image4 text9 text1
1910,image3 image1 image2 text4 text8
1911,image4 image2 image1 image5 text1
1912,text3 text6 image4 image3 image5
1913,image5 text2 text9 text5 text10
1914,text5 text7 image5 image1 image2
1915,text8 image5 text1 image1 text2
1916,image5 image2 image3 image4 image1
1917,image3 image4 text9 image5 image1
1918,text5 text3 image1 image3 text2
1919,image3 text9 image2 image4 text10
1920,image3 image5 text8 text5 image4
1921,image1 text5 text6 text9 text10
1922,image1 text9 text4 text7 text5
1923,text9 text6 text5 text4 text3
1924,image5 text2 text1 text5 text6
1925,image1 image5 image2 text4 image4
1926,image3 text9 image4 image2 image1
1927,image3 text10 text9 text2 text7
1928,text4 text8 text2 text6 image5
1929,text1 image4 text5 text8 image3
1930,image3 text8 text4 text5 image2
1931,text7 text8 text3 text4 image4
1932,image3 image1 image2 text9 text3
1933,image3 image4 text3 text5 image1
1934,image1 image4 image2 image5 text3
1935,image1 image5 text1 text5 text9
1936,image3 image2 text4 text1 text9
1937,text8 text4 text5 text7 image1
1938,image3 image5 image4 text2 text3
1939,text4 text9 text1 text7 text6
1940,image3 image4 image2 text9 text7
1941,image3 image2 image1 text1 text6
1942,text7 text6 text3 text5 text1
1943,image5 text5 text6 text7 text10
1944,image4 image1 image2 text5 text7
1945,image5 text3 text1 image4 image1
1946,image4 text2 image2 image5 text7
1947,image3 text4 text9 image1 image4
1948,image5 image1 image3 text3 text2
1949,image3 text5 text4 text1 text2
1950,text9 image1 image3 image4 image5
1951,text6 image2 text1 text5 text3
1952,text5 text1 text2 text3 image3
1953,image2 image1 image4 image5 text3
1954,text7 text6 text5 text3 text8
1955,image3 text1 text5 text9 text10
1956,image5 text4 text2 text5 image2
1958,text2 text3 text8 text9 text7
1959,image5 image4 text3 text4 text7
1960,image1 image4 image3 text1 text3
1961,image5 text5 image4 image2 image3
1962,image1 image3 image4 text1 text10
1963,image3 image5 image2 text3 image4
1964,image1 text8 image4 image5 image2
1965,image1 text4 image2 text1 text10
1966,image4 text10 image2 text2 text7
1967,image2 image5 image4 text2 text3
1968,image5 text8 image4 text4 text6
1969,text4 image1 image5 text1 text8
1970,image4 text1 text8 text9 text5
1971,image2 image1 image3 text1 text5
1972,image4 image2 text6 image3 text10
1973,text1 image2 text6 text2 text5
1974,text9 text5 text8 text6 text7
1975,image1 text10 image5 text1 image4
1976,text4 text10 text2 image3 text9
1977,image1 image3 text7 text3 image5
1978,image1 text9 text2 text5 image4
1979,image2 text2 text6 text9 text8
1980,image5 text7 text3 image1 image3
1981,image1 image4 text1 text4 text9
1982,text10 text7 text9 text5 text1
1983,image2 image3 text1 text2 image1
1984,image3 image5 text6 text4 text7
1985,image5 text7 image1 image2 text8
1986,image2 image3 image5 image1 image4
1987,text4 image1 text8 image2 text9
1988,text6 text7 image2 image1 text2
1989,image2 text5 text1 text4 text6
1990,image3 text7 image4 text5 text4
1991,text6 text5 text2 image5 text10
1992,image2 image1 image5 image4 text2
1993,image5 text9 text5 text3 text6
1994,text4 text1 text8 image4 text3
1995,image5 image1 image2 text10 text5
1996,image1 image4 text6 text7 text3
1997,image4 image5 text4 image2 image1
1998,text5 image3 image2 text10 text7
1999,image2 text7 text4 image1 text8